Rank,Player,Team
1,Josh Allen,BUF
2,Lamar Jackson,BAL
3,Jayden Daniels,WAS
4,Jalen Hurts,PHI
5,Patrick Mahomes,KC
6,Baker Mayfield,TB
7,Drake Maye,NE
8,Caleb Williams,CHI
9,Justin Herbert,LAC
10,Bo Nix,DEN
11,Justin Fields,NYJ
12,Jared Goff,DET
13,Dak Prescott,DAL
14,Kyler Murray,ARI
15,Daniel Jones,IND
16,Brock Purdy,SF
17,Jordan Love,GB
18,Jaxson Dart,NYG
19,Geno Smith,LV
20,Michael Penix,ATL
21,C.J. Stroud,HOU
22,Matthew Stafford,LAR
23,Trevor Lawrence,JAX
24,J.J. McCarthy,MIN
25,Tua Tagovailoa,MIA
26,Aaron Rodgers,PIT
27,Cameron Ward,TEN
28,Bryce Young,CAR
29,Sam Darnold,SEA
30,Joe Flacco,CLE
31,Mac Jones,SF
32,Dillon Gabriel,CLE
33,Anthony Richardson,IND
34,Joe Burrow,CIN
35,Jake Browning,CIN
36,Spencer Rattler,NO
37,Russell Wilson,NYG
38,Marcus Mariota,WAS
39,Tyler Shough,NO
40,Jalen Milroe,SEA
41,Kirk Cousins,ATL
42,Mason Rudolph,PIT
43,Shedeur Sanders,CLE
44,Malik Willis,GB
45,Kenny Pickett,CLE
46,Deshaun Watson,CLE
47,Deshaun Watson,CLE
48,Puka Nacua,LAR
49,Bijan Robinson,ATL
50,Christian McCaffrey,SF
51,Amon-Ra St. Brown,DET
52,Jonathan Taylor,IND
53,Jahmyr Gibbs,DET
54,Jaxon Smith-Njigba,SEA
55,Justin Jefferson,MIN
56,Saquon Barkley,PHI
57,CeeDee Lamb,DAL
58,James Cook,BUF
59,Drake London,ATL
60,Omarion Hampton,LAC
61,Nico Collins,HOU
62,Rome Odunze,CHI
63,Devon Achane,MIA
64,Bucky Irving,TB
65,Ja'Marr Chase,CIN
66,Josh Jacobs,GB
67,Ashton Jeanty,LV
68,Garrett Wilson,NYJ
69,Derrick Henry,BAL
70,Quinshon Judkins,CLE
71,Kyren Williams,LAR
72,A.J. Brown,PHI
73,Davante Adams,LAR
74,Courtland Sutton,DEN
75,Brock Bowers,LV
76,Tetairoa McMillan,CAR
77,Rashee Rice,KC
78,Trey McBride,ARI
79,Emeka Egbuka,TB
80,Javonte Williams,DAL
81,Zay Flowers,BAL
82,Travis Etienne,JAX
83,Alvin Kamara,NO
84,George Pickens,DAL
85,Marvin Harrison,ARI
86,Brian Thomas,JAX
87,Cam Skattebo,NYG
88,Tyler Warren,IND
89,Quentin Johnston,LAC
90,Xavier Worthy,KC
91,Breece Hall,NYJ
92,Chris Olave,NO
93,Ricky Pearsall,SF
94,Jameson Williams,DET
95,Chuba Hubbard,CAR
96,Mike Evans,TB
97,Jaylen Waddle,MIA
98,Trey Benson,ARI
99,DK Metcalf,PIT
100,DeVonta Smith,PHI
101,Terry McLaurin,WAS
102,Ladd McConkey,LAC
103,Kenneth Walker,SEA
104,Jakobi Meyers,LV
105,Deebo Samuel,WAS
106,Jordan Mason,MIN
107,Michael Pittman,IND
108,TreVeyon Henderson,NE
109,Chase Brown,CIN
110,Tee Higgins,CIN
111,Chris Godwin,TB
112,Keenan Allen,LAC
113,Jordan Addison,MIN
114,DJ Moore,CHI
115,Jake Ferguson,DAL
116,Khalil Shakir,BUF
117,Tucker Kraft,GB
118,David Montgomery,DET
119,Jaylen Warren,PIT
120,J.K. Dobbins,DEN
121,George Kittle,SF
122,Travis Kelce,KC
123,Tony Pollard,TEN
124,Jauan Jennings,SF
125,Sam LaPorta,DET
126,Matthew Golden,GB
127,Jerry Jeudy,CLE
128,RJ Harvey,DEN
129,Keon Coleman,BUF
130,D'Andre Swift,CHI
131,Josh Downs,IND
132,Darnell Mooney,ATL
133,Travis Hunter,JAX
134,Jacory Croskey-Merritt,WAS
135,Zach Charbonnet,SEA
136,Stefon Diggs,NE
137,Woody Marks,HOU
138,Dallas Goedert,PHI
139,Rhamondre Stevenson,NE
140,Aaron Jones,MIN
141,Calvin Ridley,TEN
142,Cedric Tillman,CLE
143,Tre Tucker,LV
144,Bhayshul Tuten,JAX
145,Rashid Shaheed,NO
146,Cooper Kupp,SEA
147,Kareem Hunt,KC
148,Elic Ayomanor,TEN
149,Tyrone Tracy,NYG
150,Brandon Aiyuk,SF
151,Kyle Pitts,ATL
152,Rachaad White,TB
153,Nick Chubb,HOU
154,Kenneth Gainwell,PIT
155,Isiah Pacheco,KC
156,Jeremy McNichols,WAS
157,Joe Mixon,HOU
158,Marquise Brown,KC
159,Tyjae Spears,TEN
160,Zach Ertz,WAS
161,Chris Rodriguez,WAS
162,Juwan Johnson,NO
163,Jayden Reed,GB
164,T.J. Hockenson,MIN
165,Hunter Henry,NE
166,Kayshon Boutte,NE
167,Mark Andrews,BAL
168,Justice Hill,BAL
169,Dylan Sampson,CLE
170,Jayden Higgins,HOU
171,Darren Waller,MIA
172,Rashod Bateman,BAL
173,Troy Franklin,DEN
174,Ollie Gordon II,MIA
175,Tyler Allgeier,ATL
176,Tory Horton,SEA
177,Blake Corum,LAR
178,Dont'e Thornton Jr.,LV
179,Dalton Kincaid,BUF
180,Luther Burden,CHI
181,Marvin Mims,DEN
182,Harold Fannin,CLE
183,Braelon Allen,NYJ
184,Adam Thielen,CAR
185,Jack Bech,LV
186,Brian Robinson,WAS
187,Ray Davis,BUF
188,David Njoku,CLE
189,Jerome Ford,CLE
190,Brenton Strange,JAX
191,Rico Dowdle,CAR
192,Chigoziem Okonkwo,TEN
193,Tank Bigsby,JAX
194,Roschon Johnson,CHI
195,Jalen Coker,CAR
196,Evan Engram,DEN
197,Jaydon Blue,DAL
198,Kaleb Johnson,PIT
199,Kyle Monangai,CHI
200,DJ Giddens,IND
201,Dalton Schultz,HOU
202,Jaylen Wright,MIA
203,Jaylin Noel,HOU
204,Jonnu Smith,MIA
205,Oronde Gadsden,LAC
206,Colston Loveland,CHI
207,Romeo Doubs,GB
208,Miles Sanders,DAL
209,Elijah Arroyo,SEA
210,Christian Kirk,HOU
211,Mason Taylor,NYJ
212,Terrance Ferguson,LAR
213,Xavier Legette,CAR
214,Joshua Palmer,BUF
215,Jalen McMillan,TB
216,Kyle Williams,NE
217,DeAndre Hopkins,BAL
218,Isaiah Likely,BAL
219,Austin Ekeler,WAS
220,DeMario Douglas,NE
221,Jarquez Hunter,LAR
222,Pat Bryant,DEN
223,Tre Harris,LAC
224,Isaac Guerendo,SF
225,James Conner,ARI
226,Najee Harris,LAC
227,Will Shipley,PHI
228,Wan'Dale Robinson,NYG
229,Cade Otton,TB
230,Tyreek Hill,MIA
231,Malik Nabers,NYG
232,Emari Demercado,ARI
233,Michael Carter,ARI
234,Kendre Miller,NO
235,Darius Slayton,NYG
236,Isaiah Bond,DEN
237,Calvin Austin,PIT
238,Tahj Brooks,CIN
239,Isaac TeSlaa,DET
240,Sean Tucker,TB
241,Sterling Shepard,TB
242,Keaton Mitchell,BAL
243,Alec Pierce,IND
244,Ja'Tavion Sanders,CAR
245,Brashard Smith,KC
246,Emanuel Wilson,GB
247,Zavier Scott,MIN
248,Isaiah Davis,NYJ
249,Theo Johnson,NYG
250,Dameon Pierce,HOU
251,Mike Gesicki,CIN
252,Tyquan Thornton,KC
253,Luke Musgrave,GB
254,Pat Freiermuth,PIT
255,Andrei Iosivas,CIN
256,Cole Kmet,CHI
257,Hunter Renfrow,CAR
258,Malik Washington,MIA
259,Dyami Brown,JAX
260,MarShawn Lloyd,GB
261,Dontayvion Wicks,GB
262,Adonai Mitchell,IND
263,AJ Barner,SEA
264,Devin Neal,NO
265,Devaughn Vele,DEN
266,Savion Williams,GB
267,Ben Sinnott,WAS
268,Tyler Lockett,TEN
269,Elijah Moore,BUF
270,Raheem Mostert,LV
271,Ray-Ray McCloud,ATL
272,Jalen Tolbert,DAL
273,Jordan James,SF
274,Michael Mayer,LV
275,Jalen Royals,KC
276,Michael Wilson,ARI
277,Trevor Etienne,CAR
278,Noah Fant,SEA
279,Tyler Conklin,LAC
280,Diontae Johnson,CLE
281,Demarcus Robinson,SF
282,Ty Johnson,BUF
283,Roman Wilson,PIT
284,Mike Williams,LAC
285,Audric Estime,DEN
286,Jordan Whittington,LAR
287,Elijah Mitchell,KC
288,Tutu Atwell,LAR
289,Ja'Lynn Polk,NE
290,Jermaine Burton,CIN
291,Jaleel McLaughlin,DEN
292,Noah Gray,KC
293,Christian Watson,GB
294,Antonio Gibson,NE
295,Brandin Cooks,NO
296,Curtis Samuel,BUF
297,Tyler Higbee,LAR
298,Jahan Dotson,PHI
299,Malachi Corley,NYJ
300,Alexander Mattison,MIA
301,Javon Baker,NE
302,Khalil Herbert,IND
303,Rondale Moore,MIN
304,Devontez Walker,BAL
305,Jonathan Mingo,DAL
306,Damien Martinez,SEA
307,Zamir White,LV
308,Jonathon Brooks,CAR
309,Zack Moss,CIN
310,Devin Singletary,NYG
311,Jalin Hyatt,NYG
312,Kendrick Bourne,NE
313,Johnny Wilson,PHI
314,K.J. Osborn,WAS
315,Noah Brown,WAS
316,Brenden Rice,LAC
317,Treylon Burks,TEN
318,Ty Chandler,MIN
319,JuJu Smith-Schuster,KC
320,Kimani Vidal,LAC
321,A.T. Perry,DEN
322,Xavier Hutchinson,HOU
323,Allen Lazard,NYJ
324,Nathaniel Dell,HOU
325,Nathaniel Dell,HOU
