Player Name,Position,Matchup Light,Offense Light,Vegas Light
Ja'Marr Chase,WR,GREEN,GREEN,YELLOW
Saquon Barkley,RB,RED,YELLOW,YELLOW
Bijan Robinson,RB,YELLOW,GREEN,YELLOW
Justin Jefferson,WR,GREEN,YELLOW,GREEN
Jahmyr Gibbs,RB,YELLOW,GREEN,YELLOW
CeeDee Lamb,WR,GREEN,GREEN,GREEN
Puka Nacua,WR,YELLOW,GREEN,GREEN
Ashton Jeanty,RB,GREEN,RED,YELLOW
Amon-Ra St. Brown,WR,YELLOW,YELLOW,YELLOW
Malik Nabers,WR,YELLOW,RED,RED
Christian McCaffrey,RB,YELLOW,GREEN,GREEN
Derrick Henry,RB,RED,YELLOW,YELLOW
Nico Collins,WR,YELLOW,YELLOW,YELLOW
Brian Thomas,WR,RED,YELLOW,RED
Devon Achane,RB,GREEN,GREEN,YELLOW
Brock Bowers,TE,YELLOW,GREEN,YELLOW
A.J. Brown,WR,GREEN,YELLOW,YELLOW
Drake London,WR,RED,RED,YELLOW
Jonathan Taylor,RB,BYE,BYE,BYE
Bucky Irving,RB,GREEN,YELLOW,RED
Josh Jacobs,RB,GREEN,GREEN,GREEN
Ladd McConkey,WR,YELLOW,GREEN,YELLOW
Trey McBride,TE,YELLOW,GREEN,YELLOW
Josh Allen,QB,YELLOW,GREEN,GREEN
Tee Higgins,WR,GREEN,GREEN,YELLOW
Lamar Jackson,QB,RED,YELLOW,YELLOW
Kyren Williams,RB,RED,YELLOW,GREEN
Chase Brown,RB,RED,RED,YELLOW
Jaxon Smith-Njigba,WR,YELLOW,GREEN,YELLOW
Tyreek Hill,WR,GREEN,YELLOW,YELLOW
Jayden Daniels,QB,GREEN,YELLOW,YELLOW
Garrett Wilson,WR,YELLOW,RED,RED
Terry McLaurin,WR,RED,YELLOW,YELLOW
Breece Hall,RB,RED,YELLOW,RED
James Cook,RB,YELLOW,GREEN,GREEN
Davante Adams,WR,YELLOW,GREEN,GREEN
Marvin Harrison,WR,YELLOW,YELLOW,YELLOW
Mike Evans,WR,YELLOW,GREEN,RED
Jalen Hurts,QB,YELLOW,GREEN,YELLOW
George Kittle,TE,YELLOW,GREEN,GREEN
Rashee Rice,WR,RED,GREEN,YELLOW
Joe Mixon,RB,GREEN,RED,YELLOW
Joe Burrow,QB,GREEN,YELLOW,YELLOW
Omarion Hampton,RB,YELLOW,RED,YELLOW
Kenneth Walker,RB,RED,YELLOW,YELLOW
Chuba Hubbard,RB,GREEN,GREEN,RED
Alvin Kamara,RB,BYE,BYE,BYE
DJ Moore,WR,RED,YELLOW,YELLOW
DK Metcalf,WR,YELLOW,YELLOW,GREEN
DeVonta Smith,WR,GREEN,YELLOW,YELLOW
Xavier Worthy,WR,RED,GREEN,YELLOW
Courtland Sutton,WR,RED,YELLOW,RED
Travis Hunter,WR,RED,YELLOW,RED
Zay Flowers,WR,YELLOW,YELLOW,YELLOW
Sam LaPorta,TE,RED,YELLOW,YELLOW
James Conner,RB,YELLOW,RED,YELLOW
RJ Harvey,RB,RED,YELLOW,RED
David Montgomery,RB,YELLOW,GREEN,YELLOW
Jameson Williams,WR,YELLOW,YELLOW,YELLOW
Tetairoa McMillan,WR,RED,RED,RED
George Pickens,WR,GREEN,GREEN,GREEN
T.J. Hockenson,TE,YELLOW,RED,GREEN
Patrick Mahomes,QB,RED,GREEN,YELLOW
Jaylen Waddle,WR,GREEN,YELLOW,YELLOW
Quinshon Judkins,RB,GREEN,RED,RED
TreVeyon Henderson,RB,YELLOW,YELLOW,GREEN
Calvin Ridley,WR,RED,RED,RED
Chris Olave,WR,BYE,BYE,BYE
Aaron Jones,RB,YELLOW,RED,GREEN
Jordan Addison,WR,GREEN,YELLOW,GREEN
Baker Mayfield,QB,RED,YELLOW,RED
Chris Godwin,WR,YELLOW,GREEN,RED
Isiah Pacheco,RB,RED,YELLOW,YELLOW
Jerry Jeudy,WR,GREEN,RED,RED
Kaleb Johnson,RB,GREEN,YELLOW,GREEN
D'Andre Swift,RB,YELLOW,YELLOW,YELLOW
Rome Odunze,WR,RED,YELLOW,YELLOW
Tony Pollard,RB,YELLOW,RED,RED
Travis Kelce,TE,RED,YELLOW,YELLOW
Bo Nix,QB,YELLOW,YELLOW,RED
Deebo Samuel,WR,RED,YELLOW,YELLOW
Mark Andrews,TE,YELLOW,YELLOW,YELLOW
Jauan Jennings,WR,YELLOW,RED,GREEN
Brian Robinson,RB,YELLOW,GREEN,GREEN
Kyler Murray,QB,YELLOW,YELLOW,YELLOW
Cooper Kupp,WR,YELLOW,GREEN,YELLOW
Khalil Shakir,WR,YELLOW,YELLOW,GREEN
Jakobi Meyers,WR,RED,YELLOW,RED
Stefon Diggs,WR,YELLOW,GREEN,GREEN
Matthew Golden,WR,GREEN,YELLOW,GREEN
Jonnu Smith,TE,GREEN,GREEN,GREEN
Tyrone Tracy,RB,RED,YELLOW,RED
Jayden Reed,WR,GREEN,YELLOW,GREEN
Ricky Pearsall,WR,YELLOW,RED,GREEN
David Njoku,TE,YELLOW,GREEN,RED
Jaylen Warren,RB,GREEN,YELLOW,GREEN
Brandon Aiyuk,WR,YELLOW,RED,GREEN
Evan Engram,TE,RED,RED,RED
Cam Skattebo,RB,RED,YELLOW,RED
Brock Purdy,QB,RED,YELLOW,GREEN
Jared Goff,QB,YELLOW,YELLOW,YELLOW
Caleb Williams,QB,YELLOW,GREEN,YELLOW
Najee Harris,RB,YELLOW,RED,YELLOW
Travis Etienne,RB,YELLOW,YELLOW,RED
Javonte Williams,RB,YELLOW,YELLOW,GREEN
Justin Fields,QB,YELLOW,YELLOW,RED
Zach Charbonnet,RB,RED,YELLOW,YELLOW
Luther Burden,WR,RED,YELLOW,YELLOW
Josh Downs,WR,BYE,BYE,BYE
Justin Herbert,QB,GREEN,GREEN,YELLOW
Darnell Mooney,WR,RED,RED,YELLOW
Jordan Mason,RB,YELLOW,RED,GREEN
Rhamondre Stevenson,RB,YELLOW,YELLOW,GREEN
Tyler Warren,TE,BYE,BYE,BYE
Dak Prescott,QB,YELLOW,YELLOW,GREEN
Emeka Egbuka,WR,YELLOW,GREEN,RED
Michael Pittman,WR,BYE,BYE,BYE
Colston Loveland,TE,YELLOW,YELLOW,YELLOW
Tucker Kraft,TE,YELLOW,GREEN,GREEN
Keon Coleman,WR,YELLOW,YELLOW,GREEN
Jordan Love,QB,GREEN,YELLOW,GREEN
Drake Maye,QB,YELLOW,GREEN,GREEN
Jayden Higgins,WR,YELLOW,YELLOW,YELLOW
Bhayshul Tuten,RB,YELLOW,YELLOW,RED
C.J. Stroud,QB,YELLOW,YELLOW,YELLOW
Tyjae Spears,RB,YELLOW,RED,RED
Dalton Kincaid,TE,YELLOW,GREEN,GREEN
Dallas Goedert,TE,YELLOW,YELLOW,YELLOW
Tank Bigsby,RB,RED,YELLOW,YELLOW
Rachaad White,RB,GREEN,YELLOW,RED
Rashid Shaheed,WR,YELLOW,GREEN,YELLOW
Jaydon Blue,RB,YELLOW,YELLOW,GREEN
J.J. McCarthy,QB,GREEN,RED,GREEN
Jake Ferguson,TE,RED,YELLOW,GREEN
Jack Bech,WR,GREEN,RED,YELLOW
Kyle Williams,WR,YELLOW,GREEN,GREEN
Austin Ekeler,RB,YELLOW,YELLOW,YELLOW
Marvin Mims,WR,RED,YELLOW,RED
Tre Harris,WR,YELLOW,GREEN,YELLOW
Marquise Brown,WR,RED,GREEN,YELLOW
Rashod Bateman,WR,YELLOW,YELLOW,YELLOW
Isaac Guerendo,RB,YELLOW,GREEN,GREEN
Trey Benson,RB,YELLOW,RED,YELLOW
Trevor Lawrence,QB,RED,YELLOW,RED
Kyle Pitts,TE,GREEN,RED,YELLOW
Tyler Allgeier,RB,YELLOW,GREEN,YELLOW
Michael Penix,QB,YELLOW,RED,YELLOW
Cameron Ward,QB,RED,RED,RED
Matthew Stafford,QB,YELLOW,GREEN,GREEN
Ray Davis,RB,YELLOW,GREEN,GREEN
J.K. Dobbins,RB,RED,YELLOW,RED
Christian Kirk,WR,YELLOW,YELLOW,YELLOW
Quentin Johnston,WR,YELLOW,GREEN,YELLOW
Adam Thielen,WR,GREEN,YELLOW,GREEN
Isaiah Likely,TE,YELLOW,YELLOW,YELLOW
Xavier Legette,WR,RED,RED,RED
Jalen McMillan,WR,YELLOW,YELLOW,GREEN
Bryce Young,QB,RED,RED,RED
Rico Dowdle,RB,GREEN,GREEN,RED
Pat Freiermuth,TE,GREEN,GREEN,GREEN
Cedric Tillman,WR,GREEN,RED,RED
Tua Tagovailoa,QB,GREEN,RED,YELLOW
Geno Smith,QB,GREEN,RED,YELLOW
Braelon Allen,RB,RED,YELLOW,RED
Hunter Henry,TE,YELLOW,YELLOW,GREEN
Brenton Strange,TE,RED,RED,RED
Roschon Johnson,RB,GREEN,GREEN,YELLOW
Sam Darnold,QB,YELLOW,YELLOW,YELLOW
Zach Ertz,TE,GREEN,YELLOW,YELLOW
Nick Chubb,RB,GREEN,RED,YELLOW
Jaylen Wright,RB,GREEN,GREEN,YELLOW
Wan'Dale Robinson,WR,YELLOW,RED,RED
DeAndre Hopkins,WR,YELLOW,YELLOW,YELLOW
Joshua Palmer,WR,YELLOW,YELLOW,GREEN
Jaylin Noel,WR,YELLOW,YELLOW,YELLOW
Mike Gesicki,TE,GREEN,YELLOW,YELLOW
Cade Otton,TE,RED,RED,RED
Romeo Doubs,WR,GREEN,YELLOW,GREEN
Mason Taylor,TE,YELLOW,RED,RED
Aaron Rodgers,QB,GREEN,YELLOW,GREEN
Pat Bryant,WR,RED,YELLOW,YELLOW
Kareem Hunt,RB,RED,YELLOW,YELLOW
Anthony Richardson,QB,BYE,BYE,BYE
Dylan Sampson,RB,GREEN,RED,RED
Keenan Allen,WR,YELLOW,GREEN,YELLOW
Justice Hill,RB,RED,YELLOW,YELLOW
Jarquez Hunter,RB,RED,YELLOW,GREEN
Alec Pierce,WR,BYE,BYE,BYE
DJ Giddens,RB,BYE,BYE,BYE
Jerome Ford,RB,GREEN,RED,RED
Blake Corum,RB,RED,YELLOW,GREEN
MarShawn Lloyd,RB,GREEN,GREEN,GREEN
Devin Neal,RB,BYE,BYE,BYE
Dalton Schultz,TE,YELLOW,RED,YELLOW
Jalen Coker,WR,RED,RED,RED
Will Shipley,RB,RED,YELLOW,YELLOW
Michael Wilson,WR,YELLOW,YELLOW,YELLOW
Jaxson Dart,QB,RED,GREEN,RED
Chigoziem Okonkwo,TE,RED,YELLOW,RED
DeMario Douglas,WR,YELLOW,GREEN,GREEN
Terrance Ferguson,TE,GREEN,GREEN,GREEN
Dontayvion Wicks,WR,GREEN,YELLOW,GREEN
Darius Slayton,WR,YELLOW,RED,RED
Ja'Tavion Sanders,TE,RED,RED,RED
Juwan Johnson,TE,BYE,BYE,BYE
Amari Cooper,WR,RED,RED,YELLOW
Tyler Lockett,WR,GREEN,RED,YELLOW
Roman Wilson,WR,YELLOW,YELLOW,GREEN
Brashard Smith,RB,RED,YELLOW,YELLOW
Adonai Mitchell,WR,YELLOW,RED,RED
Elic Ayomanor,WR,RED,RED,RED
Joe Flacco,QB,GREEN,YELLOW,YELLOW
Russell Wilson,QB,RED,GREEN,RED
Dyami Brown,WR,RED,YELLOW,RED
Calvin Austin,WR,YELLOW,YELLOW,GREEN
Cole Kmet,TE,YELLOW,YELLOW,YELLOW
Elijah Arroyo,TE,YELLOW,YELLOW,YELLOW
Jalen Royals,WR,RED,GREEN,YELLOW
Andrei Iosivas,WR,RED,YELLOW,RED
Shedeur Sanders,QB,YELLOW,RED,RED
Tyler Shough,QB,BYE,BYE,BYE
Daniel Jones,QB,BYE,BYE,BYE
Woody Marks,RB,GREEN,RED,YELLOW
Theo Johnson,TE,YELLOW,YELLOW,RED
Jalen Tolbert,WR,GREEN,GREEN,GREEN
Jordan James,RB,YELLOW,GREEN,GREEN
Miles Sanders,RB,YELLOW,YELLOW,GREEN
Jalen Milroe,QB,YELLOW,YELLOW,YELLOW
Trevor Etienne,RB,GREEN,GREEN,RED
Tahj Brooks,RB,RED,RED,YELLOW
Jaleel McLaughlin,RB,RED,YELLOW,RED
Audric Estime,RB,YELLOW,YELLOW,YELLOW
Noah Gray,TE,RED,YELLOW,YELLOW
Kendre Miller,RB,BYE,BYE,BYE
Ray-Ray McCloud,WR,RED,RED,YELLOW
Ollie Gordon,RB,GREEN,GREEN,YELLOW
Kyle Monangai,RB,YELLOW,YELLOW,YELLOW
Keaton Mitchell,RB,RED,YELLOW,YELLOW
Tutu Atwell,WR,YELLOW,GREEN,GREEN
Raheem Mostert,RB,GREEN,RED,YELLOW
Savion Williams,WR,GREEN,YELLOW,GREEN
Harold Fannin,TE,YELLOW,GREEN,RED
Tory Horton,WR,YELLOW,GREEN,YELLOW
Zack Moss,RB,RED,RED,YELLOW
Mike Williams,WR,YELLOW,GREEN,YELLOW
Xavier Restrepo,WR,RED,RED,RED
Sean Tucker,RB,GREEN,YELLOW,RED
Jahan Dotson,WR,GREEN,YELLOW,YELLOW
Ben Sinnott,TE,GREEN,YELLOW,YELLOW
Javon Baker,WR,YELLOW,RED,RED
Diontae Johnson,WR,RED,RED,RED
Troy Franklin,WR,RED,YELLOW,RED
Johnny Wilson,WR,GREEN,YELLOW,YELLOW
Tyler Higbee,TE,GREEN,GREEN,GREEN
K.J. Osborn,WR,YELLOW,GREEN,GREEN
Brenden Rice,WR,YELLOW,GREEN,YELLOW
Zamir White,RB,GREEN,RED,YELLOW
Tyler Conklin,TE,GREEN,YELLOW,YELLOW
Jordan Whittington,WR,YELLOW,GREEN,GREEN
Ty Johnson,RB,YELLOW,GREEN,GREEN
Jonathon Brooks,RB,GREEN,GREEN,RED
Jermaine Burton,WR,GREEN,GREEN,YELLOW
Brandin Cooks,WR,BYE,BYE,BYE
Elijah Moore,WR,YELLOW,YELLOW,GREEN
Curtis Samuel,WR,YELLOW,YELLOW,GREEN
tre tucker,RB,GREEN,RED,YELLOW
Antonio Gibson,RB,YELLOW,YELLOW,GREEN
Christian Watson,WR,GREEN,YELLOW,GREEN
Kirk Cousins,QB,YELLOW,RED,YELLOW
Luke Musgrave,#N/A,YELLOW,GREEN,GREEN
A.T. Perry,#N/A,#REF!,#N/A,GREEN
Chimere Dike,WR,RED,RED,RED
Malik Washington,WR,GREEN,YELLOW,YELLOW
Samaje Perine,RB,RED,RED,YELLOW
Noah Fant,TE,GREEN,YELLOW,YELLOW
Nathaniel Dell,#N/A,#N/A,#N/A,#N/A
Noah Brown,WR,RED,YELLOW,YELLOW
Josh Reynolds,WR,YELLOW,RED,RED
Bam Knight,RB,YELLOW,RED,YELLOW
Dylan Laube,#N/A,#N/A,#N/A,#N/A
Tre Harris,WR,YELLOW,GREEN,YELLOW
Devin Singletary,RB,RED,YELLOW,RED
Demarcus Robinson,WR,YELLOW,RED,GREEN
Dillon Gabriel,QB,YELLOW,RED,RED
Devontez Walker,WR,YELLOW,YELLOW,YELLOW
Lil'Jordan Humphrey,WR,YELLOW,RED,RED
Isaiah Bond,WR,GREEN,RED,RED
Oronde Gadsden,TE,GREEN,YELLOW,YELLOW
Kimani Vidal,RB,YELLOW,RED,YELLOW
Michael Mayer,TE,YELLOW,GREEN,YELLOW
Joe Flacco,QB,GREEN,YELLOW,YELLOW
Kayshon Boutte,WR,YELLOW,GREEN,GREEN
Hassan Haskins,RB,YELLOW,RED,YELLOW
Tez Johnson,WR,YELLOW,GREEN,RED
Kendrick Bourne,WR,YELLOW,RED,GREEN
Allen Lazard,WR,YELLOW,RED,RED
Darren Waller,TE,GREEN,YELLOW,YELLOW
Alexander Mattison,RB,GREEN,GREEN,YELLOW
Michael Carter,RB,YELLOW,RED,YELLOW
Carson Wentz,QB,GREEN,RED,GREEN
Chris Rodriguez,RB,YELLOW,YELLOW,YELLOW
Tyquan Thornton,WR,YELLOW,RED,YELLOW
Kenneth Gainwell,RB,GREEN,YELLOW,GREEN
Treylon Burks,WR,RED,YELLOW,RED
JuJu Smith-Schuster,WR,RED,GREEN,YELLOW
Jacory Croskey-Merritt,RB,YELLOW,YELLOW,YELLOW
Dont'e Thornton,WR,GREEN,RED,YELLOW
Derek Carr,QB,#N/A,#N/A,#N/A
Ty Chandler,RB,YELLOW,YELLOW,GREEN
Tyquan Thornton,WR,RED,YELLOW,YELLOW
Treylon Burks,WR,YELLOW,RED,RED
Isaiah Bond,WR,RED,RED,RED
Orande Gadsden,TE,GREEN,RED,GREEN
Chris Rodriguez,RB,RED,YELLOW,YELLOW
Darren Waller,TE,GREEN,YELLOW,YELLOW
Darius Slayton,WR,YELLOW,RED,RED
Aidan O'Connell,QB,YELLOW,RED,RED
Jermar Jefferson,RB,YELLOW,GREEN,GREEN
Tre Tucker,WR,GREEN,RED,RED
J.J. Taylor,RB,RED,YELLOW,RED
Deuce Vaughn,RB,RED,RED,GREEN
Andrei Iosivas,WR,RED,GREEN,GREEN
D'Onta Foreman,RB,YELLOW,RED,GREEN
Joshua Dobbs,QB,YELLOW,YELLOW,YELLOW
Elijah Moore,WR,RED,YELLOW,GREEN
Joey Slye,K,YELLOW,RED,GREEN
KaVontae Turpin,WR,RED,GREEN,GREEN
Darnell Washington,TE,GREEN,GREEN,YELLOW
Greg Joseph,K,#N/A,#N/A,#N/A
Isaac Guerendo,RB,RED,YELLOW,YELLOW
Mecole Hardman Jr.,WR,YELLOW,YELLOW,RED
Allen Lazard,WR,YELLOW,GREEN,GREEN
Carson Wentz,QB,RED,YELLOW,RED
,QB,YELLOW,YELLOW,RED
Cade Stover,TE,YELLOW,RED,RED
Zay Jones,WR,YELLOW,RED,GREEN
K.J. Osborn,WR,YELLOW,RED,GREEN
Cade York,K,GREEN,GREEN,YELLOW
Connor Heyward,TE,GREEN,GREEN,YELLOW
Luke Schoonmaker,TE,RED,YELLOW,GREEN
Donovan Peoples-Jones,WR,RED,GREEN,GREEN
Hendon Hooker,QB,RED,GREEN,GREEN
Equanimeous St. Brown,WR,YELLOW,RED,RED
Daniel Bellinger,TE,GREEN,RED,RED
Brevin Jordan,TE,YELLOW,RED,RED
Brock Wright,TE,RED,YELLOW,GREEN
Dylan Laube,RB,YELLOW,RED,RED
Zach Wilson,QB,GREEN,YELLOW,RED
Jimmy Garoppolo,QB,YELLOW,YELLOW,GREEN
Theo Johnson,TE,GREEN,RED,RED
Kendrick Bourne,WR,YELLOW,RED,GREEN
Jared Wiley,TE,YELLOW,GREEN,RED
Trey Lance,QB,RED,YELLOW,GREEN
DeWayne McBride,RB,#N/A,#N/A,#N/A
Josh Reynolds,WR,YELLOW,YELLOW,RED
Tommy DeVito,QB,YELLOW,RED,RED
Brett Maher,K,#N/A,#N/A,#N/A
Tom Brady,QB,#N/A,#N/A,#N/A
Josh Oliver,TE,YELLOW,YELLOW,RED
D.J. Montgomery,WR,YELLOW,YELLOW,RED
Ainias Smith,WR,YELLOW,YELLOW,YELLOW
Matt Prater,K,YELLOW,YELLOW,GREEN
Tyler Scott,WR,YELLOW,YELLOW,GREEN
Elijah Higgins,TE,YELLOW,GREEN,GREEN
Mo Alie-Cox,TE,RED,RED,RED
Cooper Rush,QB,RED,YELLOW,GREEN
Riley Patterson,K,#N/A,#N/A,#N/A
John Metchie III,WR,GREEN,YELLOW,RED
David Moore,WR,YELLOW,YELLOW,GREEN
Chris Naggar,K,#N/A,#N/A,#N/A
Julio Jones,WR,#N/A,#N/A,#N/A
Davis Allen,TE,RED,RED,GREEN
Ramiz Ahmed,K,#N/A,#N/A,#N/A
Mason Crosby,K,#N/A,#N/A,#N/A
DJ Chark Jr.,WR,YELLOW,YELLOW,RED
Nick Folk,K,YELLOW,YELLOW,RED
Spencer Rattler,QB,GREEN,GREEN,RED
Julian Hill,TE,GREEN,GREEN,YELLOW
Jonathan Mingo,WR,YELLOW,YELLOW,GREEN
Trace McSorley,QB,#N/A,#N/A,#N/A
Tanner Brown,K,#N/A,#N/A,#N/A
Brandon Powell,WR,RED,GREEN,RED
Rasheen Ali,RB,RED,GREEN,YELLOW
Joe Milton III,QB,YELLOW,RED,GREEN
SaRodorick Thompson Jr.,RB,#N/A,#N/A,#N/A
Johnny Wilson,WR,YELLOW,YELLOW,YELLOW
Anthony McFarland Jr.,RB,#N/A,#N/A,#N/A
Mac Jones,QB,YELLOW,RED,RED
Jacob Saylors,RB,#N/A,#N/A,#N/A
Lucas Havrisik,K,#N/A,#N/A,#N/A
Tyson Bagent,QB,YELLOW,YELLOW,GREEN
Jaren Hall,QB,#N/A,#N/A,#N/A
Nathan Rourke,QB,#N/A,#N/A,#N/A
Christopher Dunn,K,#N/A,#N/A,#N/A
Bo Melton,WR,GREEN,GREEN,RED
Robert Woods,WR,GREEN,YELLOW,RED
Ty,,#N/A,#N/A,#N/A
Rodrigo Blankenship,K,#N/A,#N/A,#N/A
Anthony Jones,RB,#N/A,#N/A,#N/A
K.J. Costello,QB,#N/A,#N/A,#N/A
Carolina Panthers,DST,RED,#REF!,GREEN
Gerald Everett,TE,YELLOW,RED,GREEN
Charlie Taumoepeau,TE,#N/A,#N/A,#N/A
C.J. Ham,RB,YELLOW,YELLOW,RED
Andy Dalton,QB,GREEN,RED,GREEN
Cordarrelle Patterson,RB,RED,YELLOW,YELLOW
Max Duggan,QB,#N/A,#N/A,#N/A
Dylan McDuffie,RB,#N/A,#N/A,#N/A
Derius Davis,WR,YELLOW,YELLOW,RED
Josh Lambo,K,#N/A,#N/A,#N/A
Lucky Jackson,WR,RED,GREEN,RED
Michael Wiley,RB,YELLOW,GREEN,YELLOW
Tanner Hudson,TE,YELLOW,YELLOW,GREEN
Kyle Allen,QB,YELLOW,YELLOW,YELLOW
Grant Calcaterra,TE,YELLOW,YELLOW,YELLOW
Anthony Brown Jr.,QB,#N/A,#N/A,#N/A
MyCole Pruitt,TE,GREEN,GREEN,YELLOW
Matt Barkley,QB,#N/A,#N/A,#N/A
Derek Watt,RB,#N/A,#N/A,#N/A
Jon Hilliman,RB,#N/A,#N/A,#N/A
Jazz Ferguson,WR,#N/A,#N/A,#N/A
Jalen Virgil,WR,RED,YELLOW,GREEN
Matt Ryan,QB,#N/A,#N/A,#N/A
Jhamon Ausbon,WR,#N/A,#N/A,#N/A
James White,RB,#N/A,#N/A,#N/A
Eddy Pineiro,K,YELLOW,RED,GREEN
Armani Rogers,TE,#N/A,#N/A,#N/A
Ethan Fernea,WR,#N/A,#N/A,#N/A
Jalen Brooks,WR,RED,GREEN,GREEN
Patrick Ricard,RB,RED,GREEN,YELLOW
Adam Trautman,TE,GREEN,RED,RED
Eric Tomlinson,TE,YELLOW,RED,RED
J.D. McKissic,RB,#N/A,#N/A,#N/A
Trenton Irwin,WR,RED,GREEN,GREEN
Van Jefferson,WR,YELLOW,RED,YELLOW
Kalif Raymond,WR,RED,GREEN,GREEN
Corey Clement,RB,#N/A,#N/A,#N/A
Patrick Taylor Jr.,RB,RED,YELLOW,YELLOW
Josh Pederson,TE,#N/A,#N/A,#N/A
AJ Barner,TE,YELLOW,RED,RED
Britain Covey,WR,YELLOW,YELLOW,YELLOW
Austin Hooper,TE,RED,GREEN,GREEN
Peter LeBlanc,WR,#N/A,#N/A,#N/A
Tim Patrick,WR,RED,GREEN,GREEN
Eli Stove,WR,#N/A,#N/A,#N/A
Michael Gallup,WR,#N/A,#N/A,#N/A
Caleb Huntley,RB,#N/A,#N/A,#N/A
Calvin Austin III,WR,YELLOW,RED,YELLOW
Peyton Hendershot,TE,YELLOW,GREEN,RED
Clayton Thorson,QB,#N/A,#N/A,#N/A
Nick Sciba,K,#N/A,#N/A,#N/A
Cole McDonald,QB,#N/A,#N/A,#N/A
Ronnie Bell,WR,GREEN,YELLOW,YELLOW
Raheem Blackshear,RB,YELLOW,YELLOW,GREEN
Michael Pratt,QB,GREEN,GREEN,GREEN
Malcolm Brown,RB,#N/A,#N/A,#N/A
Pharaoh Brown,TE,YELLOW,RED,RED
Nick Foles,QB,#N/A,#N/A,#N/A
Alec Pierce,WR,YELLOW,YELLOW,RED
Sione Vaki,RB,YELLOW,GREEN,GREEN
Byron Pringle,WR,GREEN,YELLOW,YELLOW
Leonard Fournette,RB,#N/A,#N/A,#N/A
Jeff Wilson Jr.,RB,RED,YELLOW,YELLOW
Skylar Thompson,QB,YELLOW,YELLOW,YELLOW
Stetson Bennett,QB,YELLOW,YELLOW,GREEN
Albert Okwuegbunam Jr.,TE,YELLOW,YELLOW,YELLOW
Dante Miller,RB,GREEN,RED,RED
Nelson Agholor,WR,GREEN,YELLOW,YELLOW
Jacoby Brissett,QB,YELLOW,RED,GREEN
Velus Jones Jr.,WR,YELLOW,YELLOW,GREEN
Tylan Wallace,WR,GREEN,YELLOW,YELLOW
Drew Sample,TE,YELLOW,YELLOW,GREEN
Robbie Gould,K,#N/A,#N/A,#N/A
Treylon Burks,WR,GREEN,RED,RED
Mack Hollins,WR,RED,YELLOW,GREEN
Travis Homer,RB,YELLOW,YELLOW,GREEN
Keaontay Ingram,RB,YELLOW,RED,RED
Johnny Mundt,TE,YELLOW,YELLOW,RED
Ben DiNucci,QB,#N/A,#N/A,#N/A
Jordan Travis,QB,YELLOW,YELLOW,GREEN
DeeJay Dallas,RB,YELLOW,YELLOW,GREEN
Craig Reynolds,RB,YELLOW,GREEN,GREEN
Brandon Allen,QB,YELLOW,YELLOW,YELLOW
Israel Abanikanda,RB,GREEN,YELLOW,GREEN
Charlie Jones,WR,RED,GREEN,GREEN
Chris Conley,WR,GREEN,YELLOW,YELLOW
Devin Leary,QB,YELLOW,GREEN,YELLOW
Tommy Tremble,TE,GREEN,RED,GREEN
Tutu Atwell,WR,YELLOW,GREEN,GREEN
Irv Smith Jr.,TE,#N/A,#N/A,#N/A
Shane Zylstra,TE,RED,YELLOW,GREEN
Cornelius Johnson,WR,YELLOW,YELLOW,RED
Sean Clifford,QB,RED,YELLOW,RED
Dante Pettis,WR,YELLOW,YELLOW,GREEN
Alec Ingold,RB,RED,YELLOW,YELLOW
Jalen Nailor,WR,RED,GREEN,RED
Ty Johnson,RB,YELLOW,GREEN,GREEN
Jashaun Corbin,RB,#N/A,#N/A,#N/A
Jha'Quan Jackson,WR,GREEN,RED,RED
Binjimen Victor,WR,#N/A,#N/A,#N/A
Malik Heath,WR,GREEN,GREEN,RED
Parris Campbell,WR,YELLOW,YELLOW,YELLOW
Ryan Flournoy,WR,RED,GREEN,GREEN
Jake Funk,RB,#N/A,#N/A,#N/A
Carson Strong,QB,#N/A,#N/A,#N/A
Sam Howell,QB,RED,YELLOW,RED
Justyn Ross,WR,YELLOW,YELLOW,RED
Malik Willis,QB,RED,YELLOW,RED
Will Mallory,TE,RED,RED,RED
Cole Fotheringham,TE,YELLOW,RED,RED
Trey Palmer,WR,YELLOW,GREEN,GREEN
Deneric Prince,RB,RED,YELLOW,YELLOW
Isaiah Williams,WR,RED,GREEN,GREEN
Tejhaun Palmer,WR,YELLOW,RED,GREEN
Caleb Shudak,K,#N/A,#N/A,#N/A
Ameer Abdullah,RB,YELLOW,RED,RED
Trishton Jackson,WR,RED,GREEN,RED
Bailey Zappe,QB,RED,YELLOW,RED
Kareem Hunt,RB,YELLOW,RED,RED
Stanley Berryhill,WR,#N/A,#N/A,#N/A
Frank Gore Jr.,RB,YELLOW,GREEN,GREEN
Jake Browning,QB,RED,GREEN,GREEN
Jarrett Stidham,QB,GREEN,YELLOW,RED
Marcedes Lewis,TE,YELLOW,RED,GREEN
Kene Nwangwu,RB,#N/A,#N/A,#N/A
Marquez Valdes-Scantling,WR,YELLOW,RED,RED
Khari Blasingame,RB,YELLOW,YELLOW,GREEN
Matthew Wright,K,#N/A,#N/A,#N/A
River Cracraft,WR,GREEN,RED,YELLOW
Ryan Succop,K,#N/A,#N/A,#N/A
Curtis Hodges,TE,#N/A,#N/A,#N/A
Jake Tonges,TE,RED,GREEN,YELLOW
Kevin Harris,RB,RED,YELLOW,GREEN
Xavier Weaver,WR,YELLOW,RED,GREEN
Mitchell Trubisky,QB,YELLOW,GREEN,GREEN
Gunner Olszewski,WR,YELLOW,RED,RED
Josh Johnson,QB,YELLOW,GREEN,YELLOW
Teddy Bridgewater,QB,#N/A,#N/A,#N/A
Lil'Jordan Humphrey,WR,YELLOW,YELLOW,RED
Kenny McIntosh,RB,GREEN,YELLOW,RED
Bryce Perkins,QB,#N/A,#N/A,#N/A
Emanuel Wilson,RB,RED,GREEN,RED
Jaheim Bell,TE,RED,GREEN,GREEN
Hunter Long,TE,RED,RED,GREEN
Mohamed Ibrahim,RB,#N/A,#N/A,#N/A
Noah Brown,WR,GREEN,YELLOW,YELLOW
Tre'Quan Smith,WR,RED,GREEN,GREEN
Justin Jackson,RB,#N/A,#N/A,#N/A
Ray-Ray McCloud III,WR,YELLOW,YELLOW,YELLOW
Drew Ogletree,TE,RED,RED,RED
Trent Taylor,WR,GREEN,YELLOW,YELLOW
Xavier Hutchinson,WR,GREEN,YELLOW,RED
Devaughn Vele,WR,YELLOW,YELLOW,RED
Kylen Granson,TE,RED,RED,RED
Steven Sims Jr.,WR,GREEN,YELLOW,RED
Hunter Renfrow,WR,#N/A,#N/A,#N/A
James McCourt,K,#N/A,#N/A,#N/A
Michael Thomas,WR,#N/A,#N/A,#N/A
James Turner,K,#N/A,#N/A,#N/A
Jonathan Garibay,K,#N/A,#N/A,#N/A
Colson Yankoff,TE,YELLOW,YELLOW,YELLOW
Brenton Strange,TE,RED,YELLOW,RED
Parker Washington,WR,RED,YELLOW,RED
Samori Toure,WR,YELLOW,YELLOW,GREEN
Ryan Tannehill,QB,#N/A,#N/A,#N/A
Davis Mills,QB,GREEN,RED,RED
Roger Carter Jr.,TE,#N/A,#N/A,#N/A
Emari Demercado,RB,YELLOW,YELLOW,GREEN
Josh Gordon,WR,#N/A,#N/A,#N/A
Robbie Chosen,WR,GREEN,RED,YELLOW
Chase Allen,TE,#N/A,#N/A,#N/A
Boston Scott,RB,RED,YELLOW,YELLOW
Charlie Smyth,K,GREEN,YELLOW,RED
Deonte Harty,WR,GREEN,YELLOW,YELLOW
DeAndre Carter,WR,YELLOW,YELLOW,GREEN
Dylan Drummond,WR,YELLOW,YELLOW,YELLOW
A.J. Green,WR,#N/A,#N/A,#N/A
Nsimba Webster,WR,YELLOW,YELLOW,GREEN
Jameis Winston,QB,RED,YELLOW,GREEN
Jerick McKinnon,RB,#N/A,#N/A,#N/A
Jamari Thrash,WR,RED,YELLOW,GREEN
Scotty Miller,WR,YELLOW,RED,YELLOW
Dare Ogunbowale,RB,RED,YELLOW,RED
Lucas Krull,TE,GREEN,RED,RED
Drew Lock,QB,YELLOW,RED,RED
James Proche II,WR,RED,YELLOW,GREEN
Donald Parham Jr.,TE,GREEN,RED,RED
Blake Watson,RB,YELLOW,RED,RED
Mark Ingram,RB,#N/A,#N/A,#N/A
Trayveon Williams,RB,YELLOW,YELLOW,GREEN
Brayden Narveson,K,RED,YELLOW,RED
Darrynton Evans,RB,YELLOW,GREEN,GREEN
KJ Hamler,WR,RED,YELLOW,GREEN
Kellen Mond,QB,#N/A,#N/A,#N/A
Quez Watkins,WR,YELLOW,RED,YELLOW
Kayshon Boutte,WR,YELLOW,RED,GREEN
Nick Westbrook-Ikhine,WR,GREEN,RED,RED
Scotty Washington,WR,#N/A,#N/A,#N/A
Joshua Kelley,RB,#N/A,#N/A,#N/A
Michael Carter,RB,YELLOW,YELLOW,GREEN
Joe Reed,WR,#N/A,#N/A,#N/A
David Bell,WR,RED,YELLOW,GREEN
Austin Seibert,K,#N/A,#N/A,#N/A
Malik Davis,RB,RED,RED,GREEN
Tom Kennedy,WR,RED,GREEN,GREEN
Samson Nacua,WR,#N/A,#N/A,#N/A
Freddie Swain,WR,#N/A,#N/A,#N/A
Ronnie Rivers,RB,YELLOW,YELLOW,GREEN
Jimmy Graham,TE,#N/A,#N/A,#N/A
Cedric Tillman,WR,RED,YELLOW,GREEN
Zach Evans,RB,#N/A,#N/A,#N/A
Ian Thomas,TE,GREEN,RED,GREEN
Randy Bullock,K,#N/A,#N/A,#N/A
Chris Rodriguez Jr.,RB,YELLOW,GREEN,YELLOW
Owen Wright,RB,RED,GREEN,YELLOW
Charlie Kolar,TE,RED,GREEN,YELLOW
Hunter Luepke,RB,RED,RED,GREEN
Duece Watts,WR,#N/A,#N/A,#N/A
Zach Pascal,WR,YELLOW,RED,GREEN
Case Keenum,QB,GREEN,RED,RED
D,,#N/A,#N/A,#N/A
Xavier Gipson,WR,YELLOW,GREEN,GREEN
Chris Brooks,RB,#N/A,#N/A,#N/A
Charlie Woerner,TE,YELLOW,YELLOW,YELLOW
Damien Harris,RB,#N/A,#N/A,#N/A
Sean Tucker,RB,GREEN,GREEN,GREEN
Isaiah McKenzie,WR,YELLOW,RED,RED
Snoop Conner,RB,#N/A,#N/A,#N/A
Jase McClellan,RB,YELLOW,GREEN,YELLOW
Russell Gage,WR,#N/A,#N/A,#N/A
Allen Robinson II,WR,RED,GREEN,GREEN
Tyrod Taylor,QB,YELLOW,YELLOW,GREEN
Nathan Peterman,QB,#N/A,#N/A,#N/A
Brandon Bolden,RB,#N/A,#N/A,#N/A
Rex Burkhead,RB,#N/A,#N/A,#N/A
Benny Snell Jr.,RB,#N/A,#N/A,#N/A
Jordan Akins,TE,YELLOW,GREEN,GREEN
DeVante Parker,WR,#N/A,#N/A,#N/A
C.J. Uzomah,TE,#N/A,#N/A,#N/A
Jacob Cowing,WR,GREEN,YELLOW,YELLOW
Sterling Shepard,WR,YELLOW,GREEN,GREEN
Zack Kuntz,TE,RED,RED,GREEN
Desmond Ridder,QB,YELLOW,YELLOW,GREEN
Reggie Gilliam,RB,YELLOW,GREEN,GREEN
P.J. Walker,QB,#N/A,#N/A,#N/A
John Bates,TE,YELLOW,YELLOW,YELLOW
Matt Breida,RB,#N/A,#N/A,#N/A
Tucker Fisk,TE,YELLOW,RED,RED
Anthony Firkser,TE,RED,RED,GREEN
Melvin Gordon,RB,#N/A,#N/A,#N/A
Royce Freeman,RB,#N/A,#N/A,#N/A
Nyheim Hines,RB,YELLOW,RED,GREEN
Kameron Johnson,WR,YELLOW,GREEN,GREEN
Cedrick Wilson Jr.,WR,YELLOW,RED,RED
Ben Sims,TE,RED,YELLOW,RED
Jeremy Ruckert,TE,RED,RED,GREEN
Henry Pearson,RB,#N/A,#N/A,#N/A
Will Dissly,TE,YELLOW,RED,RED
Bub Means,WR,YELLOW,RED,RED
Trent Sherfield Sr.,WR,RED,GREEN,RED
Matt Bushman,TE,#N/A,#N/A,#N/A
Laquon Treadwell,WR,YELLOW,YELLOW,RED
Foster Moreau,TE,GREEN,YELLOW,RED
Devin Culp,TE,GREEN,YELLOW,GREEN
Eric Saubert,TE,RED,GREEN,YELLOW
Colt McCoy,QB,#N/A,#N/A,#N/A
Matt Ammendola,K,#N/A,#N/A,#N/A
Spencer Shrader,K,YELLOW,YELLOW,RED
Olamide Zaccheaus,WR,GREEN,YELLOW,YELLOW
Devin Duvernay,WR,RED,YELLOW,RED
Isaiah Hodgins,WR,YELLOW,RED,RED
Harrison Bryant,TE,YELLOW,GREEN,RED
Salvon Ahmed,RB,#N/A,#N/A,#N/A
Tim Jones,WR,RED,YELLOW,RED
Kenny Yeboah,TE,RED,RED,GREEN
Dez Fitzpatrick,WR,#N/A,#N/A,#N/A
Ian Book,QB,#N/A,#N/A,#N/A
Tre,,#N/A,#N/A,#N/A
Dee Eskridge,WR,GREEN,RED,YELLOW
John FitzPatrick,TE,YELLOW,YELLOW,YELLOW
Montrell Washington,WR,YELLOW,YELLOW,RED
James Mitchell,TE,RED,YELLOW,GREEN
Tyler Goodson,RB,GREEN,RED,RED
Pierre Strong Jr.,RB,YELLOW,RED,GREEN
Chris Oladokun,QB,#N/A,#N/A,#N/A
Danny Gray,WR,#N/A,#N/A,#N/A
Dareke Young,WR,RED,YELLOW,RED
Harrison Mevis,K,#N/A,#N/A,#N/A
Brandon Johnson,WR,YELLOW,RED,YELLOW
Tyreik McAllister,RB,YELLOW,RED,RED
John Parker Romo,K,#N/A,#N/A,#N/A
Dorian Thompson-Robinson,QB,RED,YELLOW,GREEN
Josh Whyle,TE,GREEN,YELLOW,RED
Cameron Latu,TE,YELLOW,GREEN,GREEN
E.J. Jenkins,TE,YELLOW,YELLOW,YELLOW
Hassan Hall,RB,#N/A,#N/A,#N/A
Princeton Fant,TE,RED,YELLOW,GREEN
Jack Podlesny,K,#N/A,#N/A,#N/A
Tre,,#N/A,#N/A,#N/A
Martavis Bryant,WR,#N/A,#N/A,#N/A
Logan Thomas,TE,#N/A,#N/A,#N/A
Willie Snead,WR,#N/A,#N/A,#N/A
Jamison Crowder,WR,GREEN,YELLOW,YELLOW
Phillip Dorsett,WR,#N/A,#N/A,#N/A
Marcus Mariota,QB,GREEN,GREEN,YELLOW
Chris Manhertz,TE,GREEN,RED,RED
Michael Burton,RB,YELLOW,RED,RED
Taylor Heinicke,QB,YELLOW,YELLOW,RED
Chris Moore,WR,YELLOW,RED,GREEN
Jeff Driskel,QB,GREEN,GREEN,YELLOW
C.J. Beathard,QB,#N/A,#N/A,#N/A
John Ross,WR,#N/A,#N/A,#N/A
Tarik Cohen,RB,#N/A,#N/A,#N/A
Nick Mullens,QB,RED,YELLOW,RED
Robert Tonyan,TE,YELLOW,YELLOW,RED
Jarveon Howard,RB,#N/A,#N/A,#N/A
Daurice Fountain,WR,#N/A,#N/A,#N/A
Godwin Igwebuike,RB,#N/A,#N/A,#N/A
Mason Rudolph,QB,GREEN,RED,RED
James Washington,WR,#N/A,#N/A,#N/A
David Wells,TE,#N/A,#N/A,#N/A
Mike White,QB,YELLOW,GREEN,GREEN
Logan Woodside,QB,RED,GREEN,GREEN
Mike Boone,RB,YELLOW,YELLOW,GREEN
KhaDarel Hodge,WR,YELLOW,YELLOW,YELLOW
John Wolford,QB,GREEN,RED,GREEN
Myles Gaskin,RB,YELLOW,YELLOW,RED
Jack Westover,TE,#N/A,#N/A,#N/A
Dayton Wade,WR,GREEN,YELLOW,YELLOW
Tyree Jackson,TE,#N/A,#N/A,#N/A
Stanley Morgan Jr.,WR,#N/A,#N/A,#N/A
Andrew Beck,TE,RED,YELLOW,RED
Miles Boykin,WR,YELLOW,RED,RED
Ian Wheeler,RB,YELLOW,YELLOW,GREEN
Zach Gentry,TE,#N/A,#N/A,#N/A
N'Keal Harry,WR,RED,GREEN,RED
Brett Rypien,QB,RED,YELLOW,RED
Jude McAtamney,K,YELLOW,RED,RED
Easton Stick,QB,YELLOW,YELLOW,RED
Jason Bean,QB,YELLOW,YELLOW,RED
Austin Reed,QB,YELLOW,YELLOW,GREEN
Isaiah Wooden,WR,#N/A,#N/A,#N/A
Alex Hale,K,RED,YELLOW,RED
Tyron Billy-Johnson,WR,#N/A,#N/A,#N/A
Stephen Carlson,TE,YELLOW,RED,GREEN
Elijah Collins,RB,#N/A,#N/A,#N/A
British Brooks,RB,RED,YELLOW,RED
D'Ernest Johnson,RB,YELLOW,RED,RED
Derrick Gore,RB,#N/A,#N/A,#N/A
Tyler Huntley,QB,YELLOW,GREEN,YELLOW
Jake Fromm,QB,RED,GREEN,GREEN
Jacques Patrick,RB,#N/A,#N/A,#N/A
Sean McKeon,TE,RED,RED,RED
Tyrie Cleveland,WR,#N/A,#N/A,#N/A
Josiah Deguara,TE,RED,YELLOW,RED
Collin Johnson,WR,YELLOW,YELLOW,GREEN
Nathaniel Peat,RB,#N/A,#N/A,#N/A
James Robinson,RB,#N/A,#N/A,#N/A
Laviska Shenault Jr.,WR,RED,YELLOW,RED
Easop Winston Jr.,WR,RED,YELLOW,RED
Dan Chisena,WR,YELLOW,RED,GREEN
Denzel Mims,WR,#N/A,#N/A,#N/A
La'Mical Perine,RB,RED,GREEN,RED
Jalen Reagor,WR,YELLOW,RED,GREEN
Jonathan Ward,RB,RED,YELLOW,YELLOW
JaMycal Hasty,RB,RED,YELLOW,GREEN
Tyler Mabry,TE,YELLOW,RED,RED
Ke'Shawn Vaughn,RB,RED,YELLOW,YELLOW
Marquez Callaway,WR,#N/A,#N/A,#N/A
Kristian Wilkerson,WR,GREEN,RED,RED
Lawrence Cager,WR,YELLOW,RED,RED
Spencer Brown,RB,#N/A,#N/A,#N/A
Deon Jackson,RB,#N/A,#N/A,#N/A
DJ Turner,WR,GREEN,RED,RED
Mathew Sexton,WR,#N/A,#N/A,#N/A
Sammis Reyes,TE,YELLOW,YELLOW,RED
Avery Williams,RB,YELLOW,GREEN,YELLOW
Terrace Marshall Jr.,WR,GREEN,YELLOW,YELLOW
Sam Ehlinger,QB,YELLOW,YELLOW,RED
Luke Farrell,TE,RED,YELLOW,RED
Cornell Powell,WR,#N/A,#N/A,#N/A
Jacob Harris,TE,#N/A,#N/A,#N/A
Ben Skowronek,WR,YELLOW,RED,YELLOW
Zach Davidson,TE,RED,YELLOW,GREEN
Ihmir Smith-Marsette,WR,#N/A,#N/A,#N/A
Kawaan Baker,WR,#N/A,#N/A,#N/A
Kyle Trask,QB,GREEN,GREEN,GREEN
Quintin Morris,TE,RED,YELLOW,GREEN
Adam Prentice,RB,YELLOW,YELLOW,RED
Jack Stoll,TE,YELLOW,YELLOW,YELLOW
Austin Watkins Jr.,WR,#N/A,#N/A,#N/A
Jaret Patterson,RB,GREEN,YELLOW,RED
Chris Collier,RB,RED,GREEN,YELLOW
Dee Williams,WR,RED,YELLOW,RED
Kobe Lewis,RB,#N/A,#N/A,#N/A
Tyler Badie,RB,YELLOW,RED,RED
Emani Bailey,RB,YELLOW,RED,RED
Michael Woods II,WR,RED,YELLOW,GREEN
George Holani,RB,GREEN,YELLOW,RED
Jalon Calhoun,WR,#N/A,#N/A,#N/A
Brittain Brown,RB,#N/A,#N/A,#N/A
Erik Ezukanma,WR,GREEN,RED,YELLOW
Thomas Yassmin,TE,GREEN,RED,RED
Tyquan Thornton,WR,YELLOW,RED,GREEN
Zonovan Knight,RB,#N/A,#N/A,#N/A
Zander Horvath,RB,#N/A,#N/A,#N/A
Isaiah Spiller,RB,#N/A,#N/A,#N/A
Tyrion Davis-Price,RB,GREEN,GREEN,YELLOW
Ahmarean Brown,WR,#N/A,#N/A,#N/A
Jack Plummer,QB,GREEN,RED,GREEN
Carter Bradley,QB,YELLOW,RED,RED
Trey Knox,TE,YELLOW,YELLOW,RED
Kedon Slovis,QB,GREEN,RED,RED
Kyric McGowan,WR,#N/A,#N/A,#N/A
David Martin-Robinson,TE,GREEN,YELLOW,RED
Terique Owens,WR,#N/A,#N/A,#N/A
John Rhys Plumlee,QB,YELLOW,RED,RED
Baylor Cupp,TE,YELLOW,GREEN,RED
Julius Chestnut,RB,GREEN,YELLOW,RED
Johnny Johnson III,WR,GREEN,YELLOW,RED
Marcus Rosemy-Jacksaint,WR,YELLOW,YELLOW,YELLOW
Sincere McCormick,RB,YELLOW,RED,RED
Tanner Conner,TE,GREEN,GREEN,YELLOW
Braylon Sanders,WR,#N/A,#N/A,#N/A
Austin Jones,RB,#N/A,#N/A,#N/A
Tay Martin,WR,GREEN,YELLOW,YELLOW
Deven Thompkins,WR,#N/A,#N/A,#N/A
Rodney Williams,TE,GREEN,GREEN,YELLOW
Daylen Baldwin,WR,#N/A,#N/A,#N/A
Maurice Alexander,WR,#N/A,#N/A,#N/A
Josh,WR,#N/A,#N/A,#N/A
Justin Shorter,WR,GREEN,RED,RED
Antoine Green,WR,#N/A,#N/A,#N/A
Lew Nichols,RB,#N/A,#N/A,#N/A
Xavier Smith,WR,YELLOW,GREEN,GREEN
Tanner McKee,QB,GREEN,GREEN,YELLOW
Clayton Tune,QB,YELLOW,YELLOW,GREEN
Brayden Willis,TE,RED,GREEN,YELLOW
Payne Durham,TE,GREEN,YELLOW,GREEN
Travis Vokolek,TE,YELLOW,GREEN,GREEN
Robert Burns,RB,YELLOW,GREEN,YELLOW
Thyrick Pitts,WR,#N/A,#N/A,#N/A
Cody Schrader,RB,YELLOW,YELLOW,GREEN
Jason Brownlee,WR,YELLOW,GREEN,GREEN
Brady Russell,TE,YELLOW,RED,RED
Nikko Remigio,WR,YELLOW,YELLOW,RED
Carlos Washington Jr.,RB,YELLOW,GREEN,YELLOW
Jordan Mims,RB,YELLOW,YELLOW,RED
Shedrick Jackson,WR,RED,GREEN,GREEN
John Stephens Jr.,WR,RED,GREEN,GREEN
Nate Adkins,TE,GREEN,RED,RED
Adrian Martinez,QB,YELLOW,YELLOW,GREEN
Jared Wayne,WR,#N/A,#N/A,#N/A
Elijah Cooks,WR,RED,YELLOW,RED
Jack Colletto,RB,RED,YELLOW,YELLOW
Isaiah Winstead,WR,#N/A,#N/A,#N/A
Griffin Hebert,TE,#N/A,#N/A,#N/A
Jacob Copeland,WR,#N/A,#N/A,#N/A
Elijah Dotson,RB,#N/A,#N/A,#N/A
Rakim Jarrett,#N/A,#N/A,#N/A,#N/A
Kazmeir Allen,#N/A,#N/A,#N/A,#N/A
Ellis Merriweather,RB,RED,GREEN,RED
Jordan Murray,TE,YELLOW,GREEN,GREEN
Joel Wilson,TE,#N/A,#N/A,#N/A
Casey Washington,WR,YELLOW,YELLOW,YELLOW
Erick All Jr.,TE,YELLOW,YELLOW,GREEN
Tanner McLachlan,TE,YELLOW,YELLOW,GREEN
Jawhar Jordan,RB,RED,YELLOW,RED
Keilan Robinson,RB,YELLOW,RED,RED
Isaiah Davis,RB,GREEN,YELLOW,GREEN
Tip Reiman,TE,YELLOW,GREEN,GREEN
Damiere Byrd,WR,#N/A,#N/A,#N/A
Nick Vannett,TE,GREEN,YELLOW,RED
Nate Sudfeld,QB,#N/A,#N/A,#N/A
Dwayne Washington,RB,#N/A,#N/A,#N/A
Jeremy McNichols,RB,YELLOW,GREEN,YELLOW
Jacob Hollister,TE,#N/A,#N/A,#N/A
John Kelly Jr.,RB,RED,GREEN,YELLOW
Anthony Miller,WR,GREEN,YELLOW,YELLOW
Jordan Thomas,TE,#N/A,#N/A,#N/A
Deontay Burnett,WR,#N/A,#N/A,#N/A
Ross Dwelley,TE,YELLOW,YELLOW,YELLOW
Cam Sims,WR,#N/A,#N/A,#N/A
Luis Perez,QB,#N/A,#N/A,#N/A
Alex McGough,QB,#N/A,#N/A,#N/A
Tim Boyle,QB,YELLOW,YELLOW,YELLOW
Keith Kirkwood,WR,GREEN,YELLOW,YELLOW
Jalen Coker,WR,YELLOW,YELLOW,GREEN
Malik Turner,WR,GREEN,YELLOW,YELLOW
Mason Tipton,WR,YELLOW,RED,RED
Kareem Hunt,RB,YELLOW,RED,RED
Ray-Ray MCcloud,WR,YELLOW,YELLOW,YELLOW
Calvin Austin,WR,YELLOW,RED,YELLOW
Parker Hesse,TE,RED,YELLOW,GREEN
Marcus Simms,WR,RED,YELLOW,RED
Mitchell Wilcox,TE,RED,GREEN,GREEN
Jacob Eason,QB,#N/A,#N/A,#N/A
Tyler Davis,TE,RED,YELLOW,RED
Cody White,WR,RED,YELLOW,RED
Tyler Johnson,WR,YELLOW,GREEN,GREEN
Isaiah Bond,WR,RED,RED,RED
Oronde Gadsden,TE,GREEN,RED,GREEN
Chris Rodriguez,RB,RED,YELLOW,YELLOW
Darren Waller,TE,GREEN,YELLOW,YELLOW
